nome_musica;album_id;
Happiness;1;
Be Natural;2;
Wish tree;3;
Would U;4;
Rebirth;5;
Our Beloved BoA #4;6;
Dumb Dumb;7;
Huff N Puff;7;
Campfire;7;
Red Dress;7;
Oh Boy;7;
Lady Room;7;
Time Slip;7;
Don't U Wait No More;7;
Day 1;7;
Cool World;7;
Peek-A-Boo;8;
Look;8;
I Just;8;
Kingdom Come;8;
My Second Date;8;
Attaboy;8;
Perfect 10;8;
About Love;8;
Moonlight Melody;8;
Ice  Cream Cake;9;
Automatic;9;
Somethin Kinda Crazy;9;
Stupid Cupid;9;
Take It Slow;9;
Candy;9;
One of these nights;10;
Cool Hot Sweet Love;10;
Light Me Up;10;
First Time;10;
Rose Scent Breeze;10;
Russian Roulette;11;
Lucky Girl;11;
Bad Dracula;11;
Sunny Afternoon;11;
Fool;11;
Some Love;11;
My Dear;11;
Rookie;12;
Little Little;12;
Happily Ever After;12;
Talk to Me ;12;
Body Talk;12;
Last Love;12;
RBB;13;
Butterflies;13;
So Good;13;
Sassy Me;13;
Taste;13;
Zimzalabim;14;
Sunny Side;14;
Milkshake;14;
Bing Bing;14;
Parade;14;
LP;14;
Umpah;15;
Carpool;15;
Love is the Way;15;
Jumpin;15;
Ladies Night;15;
Eyes Locked, Hands Locked;15;
Queendom;16;
Pose;16;
Knock On wood;16;
Better Be;16;
Pushin' N Pullin;16;
Hello,Sunset;16;
Red Flavor;17;
You Better Know;17;
Zoo;17;
Mojito;17;
Hear the Sea;17;
Power Up;18;
With You;18;
Mr. E;18;
Mosquito;18;
Hit That Drum;18;
Blue Lemonade;18;
Bad Boy;18;
Red Radio;18;
How You Like Thst;19;
Ice Cream;19;
Pretty Savage;19;
Bet You Wanna;19;
Lovesick Girls;19;
Crazy Over You;19;
Love To Hate Me;19;
You Never Know;19;
cdu-Du Ddu-Du;20;
Forever Young;20;
Really;20;
See U Later;20;
Kill This Love;21;
Don't Know What to Do;21;
Kick It;21;
Hope Not;21;
Ddu-Du Ddu-Du;21;
How You Like That;22;
Whistle;23;
Boombayah;23;
Pllaying With Fire;24;
Stay;24;
As If It's Your Last;25;
Likey;26;
Turtle;26;
Missing U;26;
Wow;26;
FFW;26;
Ding Dong;26;
24/7;26;
Look At Me;26;
Rollin;26;
Love Line;26;
Don't Give Up;26;
You in my Heart;26;
Jaljayo Good Night;26;
Heart Shaker;27;
Merry & Happy;27;
Likey;27;
Turtle;27;
Missing U;27;
Wow;27;
FFW;27;
Ding Dong;27;
24/7;27;
Look At Me;27;
Rollin;27;
Love Line;27;
Don't Give Up;27;
You in my Heart;27;
Jalljayo Good Night;27;
I Can't Stop Me;28;
Hell In Heaven;28;
Up No More;28;
Do What We Like;28;
Bring It Back;28;
Believer;28;
Queendom;28;
Go Hard;28;
Shot Clock;28;
Handle It;28;
Depend On You;28;
Say Something;28;
Behinnd The Mask;28;
Knock Knock;29;
Ice Cream;29;
TT;29;
1 to 10;29;
Ponytail;29;
Jelly Jelly;29;
Pity-a-Pat;29;
Next Page;29;
One In a Million;29;
Like Osh-Ahh;29;
Cheer Up;29;
Dance the Night Away;30;
Chillax;30;
Shot Thru the Heart;30;
What is Love;30;
Sweet Talker;30;
Ho!;30;
Dejavu;30;
Say Yes;30;
Stuck;30;
The Best Thing I Ever Did;31;
Be as ONE;31;
Yes or Yes;31;
Say You Love Me;31;
Lalala;31;
Young &  Wild;31;
Sunset;31;
After Moon;31;
BDZ;31;
Like Ooh-Ahh;32;
Do It Again;32;
Going Crazy;32;
Truth;32;
Candy Boy;32;
Like a Fool;32;
Cheer Up;33;
Precious Love;33;
Touchdown;33;
Touchdown;33;
Tuk Tok;33;
Woohoo;33;
My Headphones on;33;
I'm Gonna Be a Star;33;
TT;34;
1 to 10;34;
Ponytail;34;
Jelly Jelly;34;
Pit-a-Pat;34;
Next Page;34;
One In a Million;34;
Signal;35;
Three Times a Day;35;
Only You;35;
Hold me Tight;35;
Eye Eye Eyes;35;
Someone Like Me;35;
What is Love?;36;
Sweet Talker;36;
Ho!;36;
Dejavu;36;
Say Yes;36;
Stuck;36;
Yes or Yes;37;
Say You Love Me;37;
Lalala;37;
Young &  Wild;37;
Sunset;37;
After Moon;37;
BDZ;37;
Fancy;38;
Stuck In My Head;38;
Girls Like Us;38;
Hot;38;
Turn It Up;38;
Strawberry;38;
Feel Special;39;
Rainbow;39;
Get Loud;39;
Trick It;39;
Love Foolish;39;
21:29;39;
Breakththrough;39;
More & More;40;
Oxygen;40;
Firework;40;
Meke Me Go;40;
Shadow;40;
Don't Call Me Again;40;
Sweet Summer Day;40;
Alcohol-Free;41;
First Time;41;
Scandal;41;
Conversation;41;
Baby Blue Love;41;
SOS;41;
Cry For Me;42;
Intro: What Am I To You;43;
Danger;43;
War of Hormone;43;
Hip Hop Lover;43;
Let Me Know;43;
BTS Cypher Pt.3: Killer;43;
Interlude: What Are You Doing Now;43;
Can You Turn Off Your Phone;43;
Blanket Kick;43;
24/7 = Heaven;43;
Look Here;43;
2nd Grade;43;
Outro: Do You Think This Makes Sense?;43;
Rain;43;
Intro: Boy Meets Evil;44;
Blood Sweat & Tears;44;
Begin;44;
Lie;44;
Stigma;44;
First Love;44;
Reflection;44;
Mama;44;
Awake;44;
Lost;44;
BTS Cypher 4;44;
Am I Wrong;44;
21at Century Girl;44;
2! 3!;44;
Interlude: Wings;44;
Intro: Boy Meets Evil;45;
Blood Sweat & Tears;45;
Begin;45;
Lie;45;
Stigma;45;
First Love;45;
Reflection;45;
Mama;45;
Awake;45;
Lost;45;
BTS Cypher 4;45;
Am I Wrong;45;
21st Century Girl;45;
2! 3!;45;
Spring Day;45;
Not Today;45;
Outro: Wings;45;
A Supplementary Story: You Never Walk Alone;45;
Intro: Singularity;46;
Fake Love;46;
The Truth Untold;46;
134340;46;
Paradise;46;
Love Maze;46;
Magic Shop;46;
Airplane pt.2;46;
Anpanman;46;
So What;46;
Outro: Tear;46;
Intro: Persona;47;
Boy With Luv;47;
Make It Right;47;
Jamais Vu;47;
Dionysus;47;
Interlude: Shadow;47;
Black Swan;47;
Filter;47;
My Time;47;
Louder Then Bombs;47;
On;47;
Ugh!;47;
00:00 (Zero O'Clock);47;
Inner Child;47;
Friends;47;
Moon;47;
Respect;47;
We Are Bulletproof: The Eternal;47;
Outro: Ego;47;
Intro: O!RUL8,2?;48;
N.O;48;
We On;48;
Skit: R U Happy Now?;48;
If I Ruled the Word;48;
Coffee;48;
BTS Cypher, Pt.1;48;
The Rise of Bangtan;48;
Satoori Rap;48;
Outro: Luv In Skool;48;
Intro: Skool Luv Affair;49;
Boy In Luv;49;
Skit: Soulmate;49;
Whewe You From;49;
Just One Day;49;
Tomorrow;49;
BTS Cypher, Pt.2: Triptych;49;
Spine Breaker;49;
Jump;49;
Outro: Propose;49;
Miss Right;50;
Like;50;
Intro: Skool Luv Affair;50;
Boy In Luv;50;
Skit: Soulmate;50;
Whewe You From;50;
Just One Day;50;
Tomorrow;50;
BTS Cypher, Pt.2: Triptych;50;
Spine Breaker;50;
Jump;50;
Outro: Propose;50;
Intro: The Most Beautiful moment In Life;51;
I need U;51;
Hold Me Tight;51;
Skit: Expectation!;51;
Dope;51;
Boyz with Fun;51;
Converse High;51;
Moving On;51;
Outros: Love is Not Over;51;
Intro: Never Mind;52;
Run;52;
Butterfly;52;
Whalien;52;
Ma City;52;
Baepsae;52;
Skit: One Night in a Strange City;52;
Autumn Leaves;52;
Outro: House of Cards;52;
Intro: Serendipity;53;
DNA;53;
Best od Me;53;
Dimple;53;
Pied Piper;53;
Skit: Billboard Music Awards Speech;53;
Mic Drop;53;
Go Go;53;
Outro: Her;53;
Skit: Hesitation and Fear;53;
Sea;53;
Intro: Persona;54;
Boy With Luv;54;
Mikrokosmos;54;
Make It Right;54;
Home;54;
Jamais Vu;54;
Dionysus;54;
Life Goes On;55;
FLy to My Room;55;
Blue & Grey;55;
Skit;55;
Telepathy;55;
Dis-ease;55;
Stay;55;
Dynamite;55;
Heartbeat;56;
Dream Glow;56;
A Brand New Day;56;
All Night;56;
Captain;56;
Cake Waltz;56;
Shine;56;
Not Alone;56;
Friends;56;
Wish;56;
Flying;56;
LaLaLa;56;
You Are Here;56;
Intro: The Most Beautiful moment In Life;57;
I Need U;57;
Hold Me Tight;57;
Autumn Leaves;57;
Butterfly;57;
Run;57;
Ma City;57;
Silver Spoon;57;
Dope;57;
Fire;57;
Save Me;57;
Epilogue: Young Forever;57;
Euphoria;58;
Trivia: Just Dance;58;
Serendipity;58;
DNA;58;
Dimple;58;
Trivia: Love;58;
Her;58;
Sigularity;58;
Fake Love;58;
The Truth Untold;58;
Trivia: Seesaw;58;
tear;58;
Epiphany;58;
I'm Fine;58;
Idol;58;
answer: Love Myself;58;
Magic Shop;59;
Best of Me;59;
Airplane Pt.2;59;
Go Go;59;
Anpanman;59;
MIC Drop;59;
DNA;59;
Fake Love;59;
MIC Drop;59;
Idol;59;
Intro: 2 Cool 4 Skool;100;
We Are Bulletproof Pt.2;100;
Skit: Circle Room Talk;100;
No More Cream;100;
Interlude;100;
Like;100;
Outro: Circle Room Cypher;100;
Road/Path;100;
Skit: On the start Line;100;
Come Back Home;101;
MIC Drop;102;
Fake Love;103;
Black Swan;104;
Let's Get the Party Started;105;
So Cool;105;
Girls Do It;105;
Follow Me;105;
New World;105;
I Do Not Want a Weak Man;105;
How Dare You;105;
Over;105;
Oh Baby;105;
Shady Girl;105;
Push Push;105;
Ma Boy;105;
Miss Sistar;106;
Give It To me;106;
The Way You Make Me Melt;106;
Bad Boy;106;
Summer Time;106;
A Week;106;
Crying;106;
Hey You;106;
If U Want;106;
Up and Down;106;
Come Closer;107;
Alone;107;
No Mercy;107;
Lead Me;107;
Girls On Top;107;
I Choose to Love You;107;
Wow;108;
Touch My Body;108;
Naughty Hands;108;
But I Love U;108;
Ok Go!;108;
Sunshine;108;
Shake It;109;
Don't Be Such a Baby;109;
Good Time;109;
Bad Boy;109;
Go Up;109;
I Swear;109;
Touch My Body;109;
Like That;110;
Come and Get Me;110;
Say! Yes;110;
Yeah Yeah;110;
Say I Love You;110;
My Sweet Lullaby;110;
Loving U;111;
Holiday;111;
Push Push;111;
Alone;111;
Ma Boy;111;
How Dare You;111;
So Cool;111;
I Swear;112;
Hold On Tight;112;
Touch My Body;112;
Loving U;112;
Give It To me;112;
Gone Not Around Any Longer;112;
Push Push;113;
Here We Come;113;
Oh Baby;113;
Drop the Beat;114;
Shady Girl;114;
I Do Not Want a Weak Man;114;
Mighty SISTAR;115;
Over;115;
How Dare You;115;
We Never Go Alone;116;
Hot Place;117;
One More Day;118;
Lonely;119;
For You;119;
No F.U.N;120;
Very Nice;120;
Healing;120;
Simple;120;
Space;120;
Chuck;120;
Pretty U;120;
Still Lonely;120;
Hit Song;120;
Say Yes;120;
Drift Away;120;
Adore U;120;
Mansae;120;
Shining Diamond;120;
Love letter;120;
Intro. 新世界;121;
Change Up;121;
Without You;121;
Clap;121;
Bring It;121;
Lilili Yabbay;121;
Trauma;121;
Pinwheel;121;
Flower;121;
Rocket;121;
Hello;121;
Campfire;121;
Outro. 未完;121;
Hit;122;
Lie Again;122;
Let Me Hear You Say;122;
247;122;
Second Life;122;
Network Love;122;
Back It Up;122;
Lucky;122;
Snap Shoot;122;
Happy Ending;122;
Fear;122;
Shining Diamond;123;
Adore U;123;
Ah Yeah;123;
Jam Jam;123;
20;123;
Fronting;124;
Mansae;124;
When I Grow Up;124;
OMG;124;
Rock;124;
Beautiful;125;
BOOMBOOM;125;
Highlight;125;
Lean On Me;125;
Fast Pace;125;
Don't Listen  In Secret;125;
I Don't Know;125;
Smile Flower;125;
Don't Wanna Cry;126;
Habit;126;
If I;126;
Swimming Fool;126;
My I;126;
Crazy in Love;126;
Who;126;
Check-In;126;
Oh My!;127;
Holiday;127;
Come to Me;127;
What's Good;127;
Moonwalker;127;
Our Dawn Is Hotter Than Day;127;
Good to Me;128;
Home;128;
Hug;128;
Chilli;128;
Shhh;128;
Getting Closer;128;
Fearless;129;
Left & Right;129;
I Wish;129;
My My;129;
Kidult;129;
Together;129;
Heaven's Cloud;130;
Ready to Love;130;
Anyone;130;
Gam3 Bo1;130;
Wave;130;
Same Dream, Same Mind, Same Night;130;
Thinkin;131;
Intro. 新世界;131;
Outro. 未完;131;
Thanks;131;
Run to You;131;
Falling for U;131;
Change Up;131;
Without You;131;
Clap;131;
Bring It;131;
Lilili Yabbay;131;
Trauma;131;
Pinwheel;131;
Flower;131;
Rocket;131;
Hello;131;
Campfire;131;
Home:Run;132;
Do Re Mi;132;
Hey Buddy;132;
Light a Flame;132;
Ah! Love;132;
All My Love;132;
Hit;133;
The SHINee World;134;
Love's Way;134;
Love Like Oxygen;134;
Romantic;134;
One for Me;134;
Graze;134;
Last Gift;134;
Best Place;134;
Y, ¿Si Fuera Ella?;134;
Four Seasons;134;
In My Room;134;
Replay;134;
Amigo;135;
Forever or Never;135;
Love Like Oxygen;135;
Love Should Go On;135;
Replay;135;
Romantic;135;
Love's Way;135;
One for Me;135;
Graze;135;
Last Gift;135;
Best Place;135;
Y, ¿Si Fuera Ella?;135;
Four Seasons;135;
In My Room;135;
The SHINee World;135;
Up & Down;136;
Lucifer;136;
Electric Heart;136;
A-Yo;136;
Obsession;136;
Quasimodo;136;
Shout Out;136;
Wowowow;136;
Your Name;136;
Life;136;
Ready or Not;136;
Love Pain;136;
Love Still Goes On;136;
Lucifer;137;
Hello;137;
One;137;
Get It;137;
Up & Down;137;
Electric Heart;137;
A-Yo;137;
Obsession;137;
Quasimodo;137;
Shout Out;137;
Wowowow;137;
Your Name;137;
Life;137;
Ready or Not;137;
Love Pain;137;
Love Still Goes On;137;
Spoiler;138;
Dream Girl;138;
Hitchhiking;138;
Punch Drunk Love;138;
Girls, Girls, Girls;138;
Aside;138;
Beautiful;138;
Dynamite;138;
Runaway;138;
Nightmare;139;
Why So Serious;139;
Shine;139;
Orgel;139;
Dangerous;139;
Like a Fire;139;
Excuse Me Miss;139;
Evill;139;
Sleepless night;139;
Spoiler;140;
Dream Girl;140;
Hirchhiking;140;
Punch Drunk Love;140;
Girls, Girls, Girls;140;
Aside;140;
Beautiful;140;
Dynamite;140;
Runaway;140;
Selene;140;
Nightmare;141;
Why So Serious?;141;
Shine;141;
Orgel;141;
Dangerous;141;
Like a Fire;141;
Excuse Me Miss;141;
Evill;141;
Sleepless night;141;
Better Off;141;
Odd Eye;142;
Love Sick;142;
View;142;
Romance;142;
Trigger;142;
Farewell My Love;142;
Na Ode to You;142;
Alive;142;
Woof Woof;142;
Black Hole;142;
Na Encore;142;
Married to the Music;143;
Savior;143;
Odd Eye;143;
Love Sick;143;
View;143;
Romance;143;
Trigger;143;
Farewell My Love;143;
Na Ode to You;143;
Hold You;143;
Alive;143;
Woof Woof;143;
Chocolate;143;
Black Hole;143;
An Encore;143;
Prism;144;
1 of 1;144;
Feel Good;144;
Don't Let Me Go;144;
Lipstick;144;
Donit Stop;144;
Shift;144;
U Need Me;144;
So Amazing;144;
Tell Me What to Do;145;
Wish Upon a Star;145;
Beautiful Life;145;
Rescue;145;
If You Love Her;145;
All Day All Night;146;
Good Evening;146;
Undercover;146;
Jump;146;
You & I;146;
I Want You;147;
Chemistry;147;
Electric Heart;147;
Drive;147;
Who Waits for Love;147;
Our Page;148;
Tonight;148;
Retro;148;
I Say;148;
Lock You Down;148;
Don't Call Me;149;
Heart Attack;149;
Marry You;149;
Kind;149;
Code;149;
I Really Want You;149;
Kiss Kiss;149;
Body Rhythm;149;
Attention;149;
Atlantis;200;
Code;200;
Don't Call Me;200;
Area;200;
Heart Attack;200;
Marry You;200;
Days and Years;200;
I Really Want You;200;
Kiss Kiss;200;
Attention;200;
Body Rhythm;200;
Kind;200;
Replay;201;
In My Room;201;
Real;201;
Love Should Go On;201;
Replay Boom Track;201;
Talk to You;202;
Juliette;202;
Hit Me;202;
Señorita;202;
Please, Don't Go;202;
Romeo + Juliette;202;
Y.O.U;203;
Ring Ding Dong;203;
Jo Jo;203;
Get Down;203;
SHINee Girl;203;
The Name;203;
Sherlock;204;
Clue;204;
Note;204;
Alarm Clock;204;
The Reason;204;
Stranger;204;
Honesty;204;
Everybody;205;
Symptoms;205;
Queen of New York;205;
One Minute Back;205;
Destination;205;
Close the Door;205;
Colorful;205;
Love Like Oxygen;206;
Bodyguard;207;
Don't Call Me;208;
Stop Stop It;209;
Gimme;209;
Take My Hand;209;
Magnetic;209;
Just Tonight;209;
Turn Up the Music;209;
Stay;209;
Moonlight Melody;209;
She's a Monster;209;
Girls Girls Girls;209;
A;209;
Skyway;210;
Hard Carry;210;
Boom x3;210;
Prove It;210;
No Jam;210;
Hey;210;
Mayday;210;
My Home;210;
Who's That;210;
If;210;
Sick;210;
Dreamin;210;
Let Me;210;
Lullaby;211;
Enough;211;
Save You;211;
No One Else;211;
I Am Me;211;
Sunrise;211;
OMW;211;
Made It;211;
My Youth;211;
Nobody Knows;211;
Party;211;
Fine;211;
Lullaby;211;
Miracle;212;
Take Me to You;212;
Come On;212;
1:13AM;212;
Higher;212;
I Love It;212;
WOLO;212;
King;212;
Think About It;212;
From Now;212;
Hunger;212;
Phoenix;212;
Breath;213;
Last Piece;213;
Born Ready;213;
Special;213;
Wave;213;
Waiting For You;213;
Thank You, Sorry;213;
1 + 1;213;
I Mean It;213;
We Are Young;213;
Hello;214;
Girls Girls Girls;214;
I Like You;214;
Follow Me;214;
Like Oh;214;
Playground;214;
U Got Me;215;
A;215;
Bad Behaviour;215;
Good Tonight;215;
Forever Young;215;
Just Right;216;
Before the Full Moon Rises;216;
My Reaction;216;
Nice;216;
Mine;216;
Back to Me;216;
If You Do;217;
Put You Hands Up;217;
Feelin' Good;217;
Good;217;
Eyers On You;217;
Tic Tic Tok;217;
Just Right;217;
Confession Song;218;
Everyday;218;
The Star;218;
If You Do;218;
Put Your Hands Up;218;
Feelin' Good;218;
Good;218;
Eyes On You;218;
Tic Tic Tok;218;
Fly;219;
Can't;219;
See the Light;219;
Fish;219;
Rewind;219;
Beggin On My Knees;219;
Something Good;219;
Home Run;219;
Never Ever;220;
Shopping Mall;220;
Paradise;220;
Sign;220;
Go Higher;220;
Q;220;
Don't Care;220;
Out;220;
Moon U;221;
Teenager;221;
You Are;221;
Firework;221;
Remember You;221;
To Me;221;
Face;221;
One And Only You;222;
Look;222;
The Reason;222;
Hesitate;222;
Us;222;
Thank You;222;
1 Degree;223;
Eclipse;223;
The End;223;
Believe;223;
Time Out;223;
Page;223;
You Calling My Name;224;
Pray;224;
Now or Never;224;
Run Away;224;
Thursday;224;
Crash & Burn;224;
Aura;225;
Crazy;225;
Not By The Moon;225;
Love You Better;225;
Trust My Love;225;
Poison;225;
Ride;225;
Gravity;225;
God Has Returned + Mañana;225;
JY & YG Dance;225;
Home Run;226;
One And Only You;227;
Breath;228;
Encore;229;
Girls' Geration;230;
Ooh La-La!;230;
Baby Baby;230;
Complete;230;
Kissing You;230;
Merry-Go-Round;230;
Tears;230;
Tinkerbell;230;
7989;230;
Honey;230;
Intro the New World;230;
Girls' Geration;231;
Ooh La-La!;231;
Baby Baby;231;
Complete;231;
Kissing You;231;
Merry-Go-Round;231;
Tears;231;
Tinkerbell;231;
7989;231;
Honey;231;
Intro the New World;231;
Let's Go Girls' Generation!!;231;
Oh!;232;
Show! Show! Show!;232;
Sweet Talking Baby;232;
Forever;232;
Be Happy;232;
Boys & Girls;232;
Talk to Me;232;
Stick Wit U;232;
Day By Day;232;
Gee;232;
Tell Me Your Wish (Genie);232;
Run Devil Run;233;
Oh!;233;
Echo;233;
Show! Show! Show!;233;
Sweet Talking Baby;233;
Forever;233;
Be Happy;233;
Boys & Girls;233;
Talk to Me;233;
Stick Wit U;233;
Day By Day;233;
Gee;233;
Tell Me Your Wish (Genie);233;
The Boys;234;
Telepathy;234;
Say Yes;234;
Trick;234;
How Great Is Your Love;234;
My J;234;
Oscar;234;
Top Secret;234;
Sunflower;234;
Vitamin;234;
Mr. Taxi;234;
Lazy Girl (Dolce Far Nient);234;
I Got a Boy;235;
Dancing Queen;235;
Baby Maybe;235;
Talk Talk;235;
Promise;235;
Express 999;235;
Loest in Love;235;
Look at Me;235;
XYZ;235;
Romantic;235;
Lion Heart;236;
You Think;236;
Party;236;
One Afternoon;236;
Show Girls;236;
Fire Alarm;236;
Talk Talk;236;
Green Light;236;
Paradise;236;
Check;236;
Sign;236;
Bump It;236;
Girls Are Back;237;
Holiday;237;
All Night;237;
Fan;237;
Only One;237;
One Last Time;237;
Sweet Talk;237;
Love Is Bitter;237;
It's You;237;
Light Up the Sky;237;
Gee;238;
Way to Go!;238;
Dear Mom;238;
Destiny;238;
Let's Talk About Love;238;
Tell Me You Wish (Genie);239;
Etude;239;
Girlfriend;239;
Boyfriend;239;
My Child;239;
1 Year Later;239;
Hoot;240;
Mistake;240;
My Best Friend;240;
Wake Up;240;
Snowy Wish;240;
Mr.Mr.;241;
Goodbye;241;
Europa;241;
Wait a Minute;241;
Back Hug;241;
Soul;241;
Into the New world;242;
Beginning;242;
Perfect for You;242;
Party;243;
Check;243;
Kissing You Rhythmer;244;
Dancing Queen;245;
catch Me If You Can;246;
Girls;246;
Sailing (0805);247;
